<modification>
    <name>DIVA Ajax Search</name>
	<version>1.0</version>
	<author>Divawebs</author>
	<code>diva_ajax_search</code>

	<file path="catalog/controller/common/header.php">
		<operation>
			<search ><![CDATA[$data['search'] = $this->load->controller('common/search');]]></search>
			<add position="replace"><![CDATA[
				$search_status = $this->config->get('module_dvsearch_status');
				if($search_status) {
					$data['search'] = $this->load->controller('extension/module/dvsearch');
					$data['search_status'] = true;
				} else {
					$data['search'] = $this->load->controller('common/search');
					$data['search_status'] = false;
				}
			]]></add>
		</operation>
	</file>	
</modification>